Daily update: Mon Oct 27 16:19:24 UTC 2025
Daily update: Mon Oct 27 16:19:32 UTC 2025
Daily update: Tue Oct 28 06:26:29 UTC 2025
Daily update: Wed Oct 29 06:26:23 UTC 2025
Daily update: Thu Oct 30 06:24:57 UTC 2025
Daily update: Fri Oct 31 06:25:09 UTC 2025
Daily update: Sat Nov  1 06:22:10 UTC 2025
Daily update: Sun Nov  2 06:23:30 UTC 2025
Daily update: Mon Nov  3 06:26:34 UTC 2025
Daily update: Tue Nov  4 06:25:43 UTC 2025
Daily update: Wed Nov  5 06:25:19 UTC 2025
Daily update: Thu Nov  6 06:25:45 UTC 2025
Daily update: Fri Nov  7 06:25:19 UTC 2025
